{
  "POST-0" : {
    "transaction" : "POST-0",
    "sampleCount" : 20,
    "errorCount" : 0,
    "errorPct" : 0.0,
    "meanResTime" : 4377.099999999999,
    "medianResTime" : 4289.5,
    "minResTime" : 3861.0,
    "maxResTime" : 5068.0,
    "pct1ResTime" : 4949.400000000001,
    "pct2ResTime" : 5063.15,
    "pct3ResTime" : 5068.0,
    "throughput" : 0.7852683654638973,
    "receivedKBytesPerSec" : 0.5176329557501276,
    "sentKBytesPerSec" : 0.42790991008677215
  },
  "POST" : {
    "transaction" : "POST",
    "sampleCount" : 20,
    "errorCount" : 0,
    "errorPct" : 0.0,
    "meanResTime" : 9551.4,
    "medianResTime" : 9710.0,
    "minResTime" : 8422.0,
    "maxResTime" : 10150.0,
    "pct1ResTime" : 10017.1,
    "pct2ResTime" : 10143.7,
    "pct3ResTime" : 10150.0,
    "throughput" : 0.6882786151834263,
    "receivedKBytesPerSec" : 7.114676896207585,
    "sentKBytesPerSec" : 0.7521325882717323
  },
  "HTTP Request-1" : {
    "transaction" : "HTTP Request-1",
    "sampleCount" : 20,
    "errorCount" : 0,
    "errorPct" : 0.0,
    "meanResTime" : 240.5,
    "medianResTime" : 238.0,
    "minResTime" : 195.0,
    "maxResTime" : 325.0,
    "pct1ResTime" : 281.40000000000003,
    "pct2ResTime" : 322.84999999999997,
    "pct3ResTime" : 325.0,
    "throughput" : 0.9574417157355546,
    "receivedKBytesPerSec" : 18.745287591555364,
    "sentKBytesPerSec" : 0.1112651993872373
  },
  "Total" : {
    "transaction" : "Total",
    "sampleCount" : 140,
    "errorCount" : 0,
    "errorPct" : 0.0,
    "meanResTime" : 3400.8214285714294,
    "medianResTime" : 3984.0,
    "minResTime" : 139.0,
    "maxResTime" : 10150.0,
    "pct1ResTime" : 9301.3,
    "pct2ResTime" : 9866.15,
    "pct3ResTime" : 10098.34,
    "throughput" : 4.614674665436087,
    "receivedKBytesPerSec" : 47.870039224734654,
    "sentKBytesPerSec" : 1.9886621151690949
  },
  "GET" : {
    "transaction" : "GET",
    "sampleCount" : 20,
    "errorCount" : 0,
    "errorPct" : 0.0,
    "meanResTime" : 3909.4499999999994,
    "medianResTime" : 4448.5,
    "minResTime" : 821.0,
    "maxResTime" : 5723.0,
    "pct1ResTime" : 5606.9000000000015,
    "pct2ResTime" : 5719.8,
    "pct3ResTime" : 5723.0,
    "throughput" : 0.9411764705882353,
    "receivedKBytesPerSec" : 11.060661764705882,
    "sentKBytesPerSec" : 0.35202205882352944
  },
  "POST-1" : {
    "transaction" : "POST-1",
    "sampleCount" : 20,
    "errorCount" : 0,
    "errorPct" : 0.0,
    "meanResTime" : 5174.0,
    "medianResTime" : 5286.0,
    "minResTime" : 3589.0,
    "maxResTime" : 5719.0,
    "pct1ResTime" : 5669.7,
    "pct2ResTime" : 5716.9,
    "pct3ResTime" : 5719.0,
    "throughput" : 0.7937767899666613,
    "receivedKBytesPerSec" : 7.6819609263375135,
    "sentKBytesPerSec" : 0.43487185465946976
  },
  "HTTP Request-0" : {
    "transaction" : "HTTP Request-0",
    "sampleCount" : 20,
    "errorCount" : 0,
    "errorPct" : 0.0,
    "meanResTime" : 156.09999999999997,
    "medianResTime" : 162.5,
    "minResTime" : 139.0,
    "maxResTime" : 183.0,
    "pct1ResTime" : 173.8,
    "pct2ResTime" : 182.54999999999998,
    "pct3ResTime" : 183.0,
    "throughput" : 0.9620935154897057,
    "receivedKBytesPerSec" : 0.49607946892437943,
    "sentKBytesPerSec" : 0.1080476116028478
  },
  "HTTP Request" : {
    "transaction" : "HTTP Request",
    "sampleCount" : 20,
    "errorCount" : 0,
    "errorPct" : 0.0,
    "meanResTime" : 397.19999999999993,
    "medianResTime" : 405.0,
    "minResTime" : 342.0,
    "maxResTime" : 488.0,
    "pct1ResTime" : 433.5,
    "pct2ResTime" : 485.29999999999995,
    "pct3ResTime" : 488.0,
    "throughput" : 0.94948727687049,
    "receivedKBytesPerSec" : 19.079130863083936,
    "sentKBytesPerSec" : 0.21697267850360805
  }
}